Title,endereco,fone,whatsapp,instagram,site
Welt,"Setor De Concessionárias Aeroporto Internacional De Brasília Lote 01 Lago Sul – Aeroporto","(61) 3364-9200",,,http://www.audiwelt.webmotors.com.br/ssSiteAutomatico/pgSiteAutomaticoHome/pgSiteAutomaticoHome.aspx
"Carrera Bajaj","Q Qs 03 Epct S/N Lte 27 Taguatinga","(61) 3020-0610",,https://www.instagram.com/grupocarrera/,https://www.carrera.com.br/bajaj/motos
"Eurobike (Lago Sul)","Epar – Antigo Terminal 2 – Aeroporto Jk Lago Sul","(61) 3222-8000",,,https://www.bmw-motorrad.com.br/eurobike-brasilia/pt/home.html
Eurobike,"Epar – Antigo Terminal 2 Lago Sul – Aeroporto","(61) 3222-8000",,https://www.instagram.com/eurobikefleet/,http://www.eurobike.com.br/
"Bali Byd","Q Saan Quadra 3 Conj. C Parte B S/N Zona Industrial","(61) 3575-8001",,https://www.instagram.com/balibyd/,https://www.balibyd.com.br/
"Vitoria Motors Byd (Asa Norte)","St Norte Cj D S/N Asa Norte","(61) 2106-3456",,,https://vitoriamotorsbyd.com.br/
"Saga Byd (Aeroporto)","Aeroporto Internacional De Brasilia Pres. Juscelino Kubitschek S/N Uc 4.022 Lago Sul – Aeroporto","(61) 2017-5127",,https://www.instagram.com/bydsagabrasilia/,https://www.sagabyd.com.br/saga-byd-brasilia
"Saga Byd (Águas Claras)","Q Qs 03 Praça 400 A Lt 02 Areal Aguas Claras","(61) 2017-5222",,https://www.instagram.com/bydsagabrasilia/,https://www.sagabyd.com.br/saga-byd-brasilia
"Vitoria Motors Byd (Sia)","Tr Sia Trecho 1 Lt 1050 A 1120 Sia","(61) 2106-3499",,,https://vitoriamotorsbyd.com.br/
"Saga Byd (Guará)","St Sgcv Lote 09 (St Garagens E Conces De Veiculos) Epia – Guará","(61) 3773-4225",,https://www.instagram.com/sagacitroenuberlandia,http://www.sagafrance.com.br/lojas/citroen-saga-sia-bsb.html
"Mclarty Maia (Sia)","S.i.a Trecho 01 Lotes 370 A 400 Sia","(61) 3701-7070",551151230651,https://www.instagram.com/grupomclartymaia/,https://jaguar.mclartymaia.com.br/
"Champion Peugeot (Sia)","Sia Trecho 02 Lotes 1350/1460 Sia","(61) 3403-9000",,https://www.instagram.com/championpeugeot/,http://www.championpeugeot.com.br/
"Champion Peugeot (Candangolândia)","Spms Epia Sul Lote 02 Candangolandia","(61) 3301-9000",,https://www.instagram.com/championpeugeot/,http://www.championpeugeot.com.br/
"Champion Peugeot (Taguatinga)","St Setor D Sul Qsd 11 Lt 05,07 E 09 Taguatinga (61) 61-3774-9000",,,https://www.instagram.com/championpeugeot/,http://www.championpeugeot.com.br/
"299 Imports","S.i.a Trecho 03 1205 Lote 1205/1215 Sia","(61) 3710-5687",,https://www.instagram.com/299imports/,https://299imports.com.br/
"Tecar Fiat (Candangolândia)","Smps Conj. E, Lote 06 Saída Sul Candangolândia","(61) 3878-2900",,https://www.instagram.com/tecarfiatbrasilia/,http://fiatdf.grupotecar.com.br/
"Tecar Fiat (Asa Norte)","Sepn Quadra 512, Conj. C Lotes 06, 07 E 08 Asa Norte","(61) 2196-2900",,https://www.instagram.com/tecarfiatbrasilia/,http://fiatdf.grupotecar.com.br/
"Estação Fiat (Gama)","Quadra 01 Lotes 300/340 Setor Leste Gama","(61) 3966-5858",,https://www.instagram.com/sagaestacaofiatbrasilia/,http://www.sagafiat.com.br/
"Primavia Veiculos","Aeroporto Juscelino Kubitschek Uc 4007 Area Especial S/N Lago Sul – Aeroporto","(61) 2195-2111",,https://www.instagram.com/primavia.fiat/?hl=pt-br%2F,https://www.primaviafiat.com.br/fiat-primavia-brasilia/
"Estação Fiat (Taquari)","Quadra 01 Trecho 01 Conj. 01 Lote 04 Taquari","(61) 2195-9999",,https://www.instagram.com/sagaestacaofiatbrasilia/,http://www.sagafiat.com.br/
"Estação Fiat (Guará)","Sgcv Stgaragens E Conces. De Veic. Zona Industrial Epia – Guará","(61) 2109-0962",,https://www.instagram.com/sagaestacaofiatbrasilia/,http://www.sagafiat.com.br/
"Bali Fiat","Scia Qd 15 Conjunto 11 Lt 02 Cidade Do Automóvel","(61) 3363-9099",,https://www.instagram.com/baliautomoveis/,http://bali.com.br/
"Estação Fiat (Sia)","Sia Trecho 02 Lotes 230/310 Sia","(61) 3403-6363",,https://www.instagram.com/sagaestacaofiatbrasilia/,http://www.sagafiat.com.br/
"Bali Fiat (Sia)","S.i.a Sul Trecho 3/4 Ltes 745/895 Sia","(61) 3362-6200",,https://www.instagram.com/baliautomoveis/,http://bali.com.br/
"Bali Fiat (Saan)","Quadra 03 Conj. C Lote 1 Saan","(61) 3213-7800",,https://www.instagram.com/baliautomoveis/,http://bali.com.br/
"Brasal Ford (Núcleo Bandeirante)","Sgcv Sul Lote 12 Parte C Epia – Nucleo Bandeirante","(61) 3773-6655",,,https://www.sincodivdf.com.br/concessionarias.php
"Ford Slaviero","Sia Trecho 01 Lotes 100/160 Sia","(61) 2193-4444",,https://www.instagram.com/fordslaviero_brasilia/,https://www.slavierobsb.com.br/
"Brasal Ford (Taguatinga)","Q Csg 09 S/N Lote 7/8 Parte A Taguatinga","(61) 3030-6655",556196967970,https://www.instagram.com/brasalford/,http://ford.brasal.com.br/
Taguaservice,"Ade Conj. 11 Lote 03 Aguas Claras 61-3399-9200",,5561996126782,https://www.instagram.com/taguamotors/,https://taguaservice.com.br/
"Jorlan Motors","Aeroporto Internacional De Brasilia Jk, S/N Uc 4.010 C Lago Sul – Aeroporto","(61) 2103-0300",,,https://gacjorlanmotors.com.br/
"Jorlan-Ev (Aeroporto)","Aeroporto Internacional De Brasilia Pres. Juscelino Kubitschek S/N Uc 4.010A Lago Sul – Aeroporto 61-3246-6070",,,https://www.instagram.com/gwmbrasilia/,https://www.gwmjorlan.com.br/
"Jorlan-Ev (Asa Norte)","Q Sepn 505 Lote 01 Terreo Parte B Asa Norte","(61) 3773-4221",,https://www.instagram.com/gwmbrasilia/,https://www.gwmjorlan.com.br
"Jorlan-Ev (Sia)","Tr S.i.a Trecho 02 S/N Lote 320-340 Sia","(61) 3773-4659",,https://www.instagram.com/gwmbrasilia/,https://www.jorlanev.com.br/
"Br Road","Qd Seup/N Qd 510 Bloco E Loja 450 Parte B Asa Norte","(61) 2101-0101",556121010200,https://www.instagram.com/brasiliaharleydavidson,https://brasiliaharley-davidson.com.br/
"Canopus Motos (Asa Norte)","Sepn 511 Bloco B Loja 40 Bittar Iii Térreo Asa Norte","(61) 2192-4100",551938647080,https://www.instagram.com/hondacanopusmt/,http://www.hondacanopusasanorte.com.br/
"Freedom Motors (Sobradinho)","Quadra 06 Comércio Local 14 Lojas 01,01A,02,03 E 04 Sobradinho","(61) 3252-5300",,https://www.instagram.com/freedomhondadf/,http://www.freedomhonda.com.br/
"Freedom Motors (Sia)","Sia Sul Quadra 03 C A/ E 19 Loja 75 Sia","(61) 3252-5300",,https://www.instagram.com/freedomhondadf/,http://www.freedomhonda.com.br/
"Freedom Motors (Taguatinga)","Qnh 02, Lote 02 Taguatinga","(61) 3252-5300",,https://www.instagram.com/freedomhondadf/,http://www.freedomhonda.com.br/
"Satélite Motos (Taguatinga)","Cse 06 Lotes 02/04 Taguatinga","(61) 3561-3000",,https://www.instagram.com/satelitemotosbsb/,https://www.satelitemotos.com.br/
"Satélite Motos (Samambaia Sul)","Qn 318 Conjunto 02 Loja 02 Samambaia Sul","(61) 3357-3000",,https://www.instagram.com/satelitemotosbsb/,https://www.satelitemotos.com.br/
"Plaza Motors (Taguatinga)","Qs 01 Rua 212 L.19,21-23 Bloco C – Areal Taguatinga","(61) 3421-7000",556137992000,https://www.instagram.com/hondajorlan/,https://plazamotors.com.br/
"Canopus Motos (Ceilândia)","Qnm Qd 12 Via Qnm 12/14 Lote 11 Ceilândia","(61) 2107-8100",551938647080,https://www.instagram.com/hondacanopusmt/,http://www.hondacanopusceilandia.com.br/
"Satélite Motos (Asa Sul)","Q Csr 503 Bl B Loja 15/16 Andar Terreo E Subsolo Asa Sul","(61) 3247-8833",,https://www.instagram.com/satelitemotosbsb/,https://www.satelitemotos.com.br/
"Autohaus Df","Presidente Juscelino Kubitschek, Especial Area S/N Uc Lago Sul","(61) 3533-9966",,https://www.instagram.com/autohaus.bsb/,http://www.autohaus.com.br/
"Canopus Motos (Planaltina)","Av. Independência S/N Lote 25 A Quadra 07 – Setor Tradicional Planaltina","(61) 3488-8400",551938647080,https://www.instagram.com/hondacanopusmt/,http://www.hondacanopusplanaltina.com.br/
"Freedom Motors (Recanto Das Emas)","Av. Recanto Das Emas, Quadra 107 Lote 11 Recanto Das Emas","(61) 3252-5300",,https://www.instagram.com/freedomhondadf/,http://www.freedomhonda.com.br/
"Satelite Motos (Paranoá)","Av. Paranoa Qd 10 Conj. 05 Loja 1/2 Paranoá 61-3362-0739",,,https://www.instagram.com/satelitemotosbsb/,https://www.satelitemotos.com.br/
"Df Veículos","Sia Trecho 01 Lotes 250/280 Sia","(61) 2102-0000",556192772001,https://www.instagram.com/hondadfveiculos/,http://www.dfveiculos.com.br/
"Freedom Motors (São Sebastião)","Quadra 201, Conj. 01, Lote 01, Lojas 01,02 E 03 – Setor Residencial Oeste São Sebastião","(61) 3339-3143",,https://www.instagram.com/freedomhondadf/,http://www.freedomhonda.com.br/
"Plaza Motors (Asa Norte)","W3 Norte 510/511 Bloco A Asa Norte","(61) 3799-2000",556137992000,https://www.instagram.com/hondajorlan/,https://plazamotors.com.br/
"Freedom Motors (Gama)","Quadra 05 Conjunto A Lotes 24 E 26 – Setor Sul Residencial Gama","(61) 3252-3000",,https://www.instagram.com/freedomhondadf/,http://www.freedomhonda.com.br/
"Saga Hmb (Taguatinga)","R Csg 09 S/N Lote 14 Loja 1A Parte 2 Taguatinga","(61) 3456-5190",,https://www.instagram.com/hyundaisagabrasilia/,https://hmb.sagahyundai.com.br/hyundai-df-taguatinga
"Smaff Import (Asa Norte)","Stn 716 Conjunto D Bloco 2 Asa Norte","(61) 3211-7000",,https://www.instagram.com/smaffconcessionarias/,http://www.smaff.com.br/hyundai/
"Smaff Import (Sia)","Sia Trecho 01 Lotes 50 A 90 Guará Sia","(61) 3329-7000",,https://www.instagram.com/smaffconcessionarias/,http://www.smaff.com.br/hyundai/
"Saga Hmb (Gama)","Quadra 01 Lote 460 Setor Industrial Gama","(61) 3110-6811",,https://www.instagram.com/hyundaisagabrasilia/,https://hmb.sagahyundai.com.br/
"Saga Hmb (Sia)","Tr S.ia Trecho 02 S/N Lt. 1750/1760 Parte 2 Sia","(61) 3217-0000",,https://www.instagram.com/hyundaisagabrasilia/,http://hmb.sagahyundai.com.br/lojas/saga-hyundai-brasilia-sia.html?utm=saga-hyundai-brasilia-sia
"Primavia Omoda & Jaecoo","Era. Aib Presidente Juscelino K. Area Especial Uc 4.007 D Lago Sul – Aeroporto","(61) 2099-2099",,https://www.instagram.com/omodajaecooprimavia/,https://www.omodajaecooprimavia.com.br/
"Saga Jeep (Taquari)","Av. Comercial, S/N, Lote 11 Taquari","(61) 4042-5640",,https://www.instagram.com/sagajeepuberlandia/,http://www.sagajeep.com.br/lojas/jeep-saga-brasilia-lago-norte.html?loja=jeep-saga-brasilia-lago-norte
"Saga Jeep (Taguatinga)","Q Qs 03, Praça 400A S/N, Lote 02 Taguatinga","(61) 3451-0700",,https://www.instagram.com/sagajeepuberlandia/,http://www.sagajeep.com.br/lojas/jeep-saga-brasilia-taguatinga.html?loja=jeep-saga-brasilia-taguatinga
"Bali Jeep Park Sul","St Sgcv Sul Lote 12 Parte B Saida Sul","(61) 3315-8670",,https://www.instagram.com/balijeepmotors/,https://www.balijeep.com.br/
"Saga Jeep (Asa Norte)","Scn Quadra 03 Bloco C Loja 05 Asa Norte","(61) 3442-2828",,https://www.instagram.com/sagajeepuberlandia/,http://www.sagajeep.com.br/lojas/jeep-saga-brasilia-asa-norte.html?loja=jeep-saga-brasilia-asa-norte
"Bali Motors","St Saan Quadra 03 Conj. C Parte S/N Zona Industrial","(61) 3315-8755",,https://www.instagram.com/sagajeepbrasilia/,https://www.sagajeep.com.br/df-saga-jeep-asa-norte
"Via Motors","Setor De Concessionárias,Lote 07 Lago Sul – Aeroporto","(61) 2099-2099",,,http://brasilia.jeepviamotors.com/
"Espaço Motos","S.i.a Trecho 02 Lote 850/860 Sia","(61) 3055-2900",,https://www.instagram.com/espacomotosdf,https://espacomotosdf.com.br/
"Suprema Motonáutica","Sia Sul – Trecho 04 Lote 1180 Loja 01 E 10 Sia","(61) 3361-0701",5561993685975,https://www.instagram.com/kawasakisuprema/,http://www.supremakawasaki.com.br/
"V12 Ev","Tr S.i.a Trecho 02 S/N Lote 1250 Sia","(61) 2108-0770",,https://www.instagram.com/v12kia/,https://www.kia.com.br/concessionarias/v12-brasilia
"Kuruma Veículos (Sia)","Sia Sul Trecho 1, Lote 1160/1200 Sia","(61) 2101-5700",,,http://www.kyotomotors.com.br/
Stark,"Sia Trecho 01, Lotes 1530/1560 Sia","(61) 3247-3000",,,http://mercedesdf.grupotecar.com.br/
"Nara (Sia)","Sia Trecho 1 Lote 1220/1260 Sia","(61) 2103-0405",,,http://www.mitsubishibrasilia.com.br/
"Estação Nissan (Taguatinga)","Qs 03 Praça 400 A S/N Lote 01 – Taguatinga","(61) 3451-8181",,https://www.instagram.com/saganissangoias/,http://www.saganissan.com.br/lojas/saga-nissan-taguatinga.html?loja=saga-nissan-taguatinga
"Grand Premier (Sia)","Sia Trecho 02 Lotes 110/140 Sia","(61) 3961-4000",,https://www.instagram.com/nissanbrasilia.premier/,http://www.premiernissan.com.br/
"Grand Premier (Núcleo Bandeirante)","Spm Sul Lote 05, Loja 01 Epia – Nucleo Bandeirante","(61) 3575-7040",,https://www.instagram.com/nissanbrasilia.premier/,http://www.premiernissan.com.br/
"Estação Nissan (Colorado)","St Shtq Trecho 01, Av.comercial, S/N, Lotes 14 Subida Do Colorado","(61) 3577-9191",,https://www.instagram.com/saganissanbrasilia/,https://www.saganissan.com.br/nissan-colorado
"Eurobike (Aeroporto)","Shis Area Especial Lote Uc 4.033 Lago Sul – Aeroporto","(61) 3222-8050",,https://www.instagram.com/eurobikefleet/,http://www.eurobike.com.br/
"Jorlan France (Taquari)","Setor Habitacional Taquari – Avenida Comercial Lt 04 Taquari","(61) 3535-1080",,https://www.instagram.com/renaultjorlanbrasilia/,https://www.brfrance.com.br/seminovos
"Jorlan France (Gama)","Quadra 01 Nº 940 Loja 02 Setor Industrial Gama","(61) 3247-0947",,https://www.instagram.com/renaultjorlanbrasilia/,https://www.brfrance.com.br/seminovos
"Jorlan France (Taguatinga)","Q Qs 1Rua 212S/N Lt 19,21 E 23 Bl B Areal Taguatinga","(61) 3535-1000",,https://www.instagram.com/renaultjorlanbrasilia/,https://www.brfrance.com.br/seminovos
"Tecar Renault","Sia Trecho 01, Lote 830/860 Sia","(61) 3221-7800",,https://www.instagram.com/tecar.renaultbrasilia/,http://renaultdf.grupotecar.com.br/
Premier,"Sia Trecho 02 Lote 140 Sia","(61) 3961-1000",,https://www.instagram.com/premier.renaultbrasilia/,http://www.premierrenault.com.br/
"Royal Enfield","Setor De Conces. E Locadoras S/N Uc 4.12 Lago Sul","(61) 2107-9999",,https://www.instagram.com/royalenfieldbsb/,http://www.royalenfieldbsb.com.br/
"Suprema Máquinas","Tr S.i.a Trecho 02 Lotes 1630 A 1340 Sia","(61) 3020-1415",,,https://supremamaquinas.net.br/
Suprema,"Tr S.i.a Trecho 02 Lote 370 Sia -",,,https://www.instagram.com/supremaveiculosbsb,https://supremaveiculos.com/
"Shineray Brasilia","Q Csd Qd 06 Lt 34 Loja 02 Taguatinga","(61) 3020-1950",556130201950,https://www.instagram.com/espacoshineray/,https://espacoshineraybrasilia.com.br/
"Soma Veículos","Sia Sul, Trecho 1, Lotes 1130, 1140 E 1150 Sia","(61) 2108-0777",556432211209,,http://suzukiveiculos.com.br/novo/Concessionaria/soma
"Saga Toyota (Asa Norte)","St Scn Quadra 3 Bloco C S/N Lojas 56 E 13 Asa Norte    ","(61) 3426-3600",,https://www.instagram.com/sagatoyotagoias/,http://www.sagatoyota.com.br/lojas/toyota-saga-asa-norte.html?loja=toyota-saga-asa-norte
"Saga Toyota (Taquari)","St, Shtq, Trecho 01, Av.comercial, S/N Taquari","(61) 3577-9000",,https://www.instagram.com/sagatoyotagoias/,http://www.sagatoyota.com.br/lojas/toyota-saga-colorado.html?loja=toyota-saga-colorado
"Kuruma Veículos (Taguatinga)","Qsd Lote 06 Bloco P Comércio Taguatinga","(61) 3772-6800",,,http://www.adharaveiculos.com.br/
"Kuruma Veículos (Núcleo Bandeirante)","Spms Epia Lote 03 Bloco A Epia – Nucleo Bandeirante","(61) 2108-7878",,,http://www.adharaveiculos.com.br/
British,"A A Aeroporto Inter. De Brasilia – Presidente Jk Ae Uc 4077 Lago Sul – Aeroporto","(61) 2102-3333",,,https://www.sincodivdf.com.br/concessionarias.php
"Nasa Caminhões","Smpw Conjunto 2 Lote 1 Epia – Nucleo Bandeirante","(61) 3399-9000",,https://instagram.com/nasacaminhoes/,http://www.nasacaminhoes.com.br/
"Tecar Volkswagen","Sia Trecho 3, Lotes 345/355/365/375 Sia","(61) 3247-1000",,https://www.instagram.com/tecarvolkswagen/,http://vwdf.grupotecar.com.br/
"V12 Motors (Asa Norte)","Q Sepn 503 Bl A E E S/N Loja Parte A Asa Norte","(61) 3329-9999",,https://www.instagram.com/v12motors508norte/,https://www.v12seminovos.com.br/
"Brasal Vw (Taguatinga)","Q Csg 09 S/N Lote 7/8 Parte B Taguatinga","(61) 3030-6655",,,http://www.brasal.com.br/veiculos_ofertas/
"Brasal Vw (Ceilândia)","Av. Helio Prates Qnl 30 Conj. A Lt 06 Ceilândia","(61) 3962-6655",,,http://www.brasal.com.br/veiculos_ofertas/
"Brasal Vw (Sia)","Sia Trecho 01 Lote 555 Sia","(61) 3962-6655",,,http://www.brasal.com.br/veiculos_ofertas/
"V12 Motors (Aeroporto)","Setor De Concessionárias E Locadoras, S/N Lote 02 Lago Sul – Aeroporto","(61) 3218-9999",,https://www.instagram.com/v12motorsvolkswagen/,http://v12vw.com.br/
"Saga Volkswagen (Guará)","Sgcv Sul, Lt. 12 Saída Sul Epia – Guará","(61) 3403-9393",,https://www.instagram.com/sagavolkswagenbrasilia/?hl=pt,http://www.sagavw.com.br/lojas/volkswagen-saga-brasilia-epia-sul.html?loja=volkswagen-saga-brasilia-epia-sul
"Saga Volkswagen (Gama)","Quadra 01 Lote 320/340 -Setor Leste Gama","(61) 3966-5856",,https://www.instagram.com/sagavolkswagenbrasilia/?hl=pt,http://www.sagavw.com.br/lojas/saga-volkswagen-brasilia-gama.html?loja=saga-volkswagen-brasilia-gama
"Smaff Berlim","Stn 04/06 Conj, D Bloco 02 Asa Norte","(61) 2101-7102",,https://www.instagram.com/smaffconcessionarias/,http://www.smaff.com.br/vw/
"Champion Volvo","Sia Trecho 02 Lote 1410 Sia","(61) 3026-2070",,,http://www.subaruchampion.com.br/
"Suécia Veículos","Br 040 Km 05 S/N Vr Centro Logístico Santa Maria","(61) 4009-5959",5562982854004,https://www.instagram.com/suecia.veiculos/,http://www.dealer.volvotrucks.com.br/suecia/home.html
"Tecar Motos (Candangolândia)","Setor De Postos E Moteis Sul I (Lado Par) Cj E Lt 06 Bl G Candangolândia","(61) 3247-7610",,https://www.instagram.com/tecarmotosyamaha/,https://www.tecaryamaha.com.br/yamaha-setor-de-postos-e-moteis
"Tecar Motos","Sia Trecho 2 S/N Lotes 870/880/885/890/895 Lote 900 Parte B Sia","(61) 3221-7800",,https://www.instagram.com/tecarmotosyamaha/,https://www.tecaryamaha.com.br/
"Primavia Motos (Ceilândia Sul)","Q Qnm 17 Conjunto A Lote 37 Ceilandia Sul","(61) 3535-4700",,https://www.instagram.com/primaviamotosyamaha/,https://www.primaviamotosyamaha.com.br/yamaha-primavia-ceilandia
"Tecar Motos (Asa Norte)","Q Sepn 512 S/N Conj. C Loja T 01 – T02 Asa Norte","(61) 2196-2900",,https://www.instagram.com/tecarmotosyamaha/,https://www.tecaryamaha.com.br/yamaha-asa-norte
"Primavia Motos (Jardim Botânico)","Q 01 Lote C Aven Das Paineiras S/N Jardim Botânico","(61) 3773-4728",,https://www.instagram.com/primaviamotosyamaha/,https://www.primaviamotosyamaha.com.br/yamaha-primavia-jardim-botanico
"Casa Hanashiro","Sia/Sul Quadra 05C Nº 221 Sia","(61) 3362-8789",,,http://www.hanashiro.com.br/
4Boss,"Edifício 4Boss, Aeroporto Internacional de Brasília Juscelino Kubitschek, Lago Sul, Brasília - DF, 71608-970","(61) 3550-5472","(61) 99616-8559",,https://4boss.com.br/
"4K Multimarcas","Setor SCIA Quadra 15 Conjunto 5, Loja 10, Zona Industrial (Guará), Brasília - DF","(61) 3345-0274",,,
"600 Multimarcas","Rua 5 Chácara 100, Setor Habitacional Vicente Pires, Brasília - DF, 72006-030","(61) 3082-4921",,,
"704 Veículos","SCIA Quadra 15 Conjunto 7 Lote 11 Loja 01, Guará, Brasília - DF","(61) 3363-8744","(61) 99692-0511",https://www.instagram.com/704veiculosbsb/,https://704veiculos.com.br/
"Ac2 Veículos","QNL 23 Conjunto A, lote 13, Taguatinga Norte, Brasília - DF","(61) 3475-5587","(61) 99697-6767",https://www.instagram.com/ac2veiculos/,https://ac2veiculos.com.br/
"Ahoffmann Veículos",,"(61) 3879-9973","(61) 99915-9009",https://www.instagram.com/ahoffmannveiculos/,https://ahoffmannveiculos.com/
"Aqui Veículos","SCIA Quadra 15 Conjunto 8 Lote 13, Zona Industrial (Guará), Brasília - DF","(61) 3547-3438","(61) 99360-5993",https://www.instagram.com/aquiveiculosdf/,https://aquiveiculosdf.com.br/
"Arena Concept Car",,"(61) 3246-1862","(61) 99292-7725",https://www.instagram.com/arenaconceptcardf/,https://arenaconceptcar.com.br/
"Auto Brasília Selection","SIA Trecho 1, Lote 630 a 780, Praça Capital, Torre 4, Lojas 4 e 5, Brasília - DF","(61) 99942-7228",,,
"Auto Fácil Veículos","SCIA Quadra 15 Conjunto 08 Lote 13, Cidade do Automóvel, Brasília - DF","(61) 3363-8288","(61) 98105-6866",https://www.instagram.com/autofacilveiculosdf,https://autofacilveiculosdf.com.br
"Auto Fort Veículos","SCIA Quadra 15 Lote 14, Conjuntos 2 e 4, Cidade do Automóvel, Brasília - DF","(61) 3346-6666","(61) 98493-5555",https://www.instagram.com/autofortdf/,https://autofortdf.com.br/multipla
"Auto Via Veículos","SCIA Quadra 15 Conjunto 01 Loja 02, Cidade do Automóvel, Brasília - DF","(61) 3346-2022",,https://www.instagram.com/autoviadf/,https://autoviadf.com.br
"B3 Automarket","Quadra QSD 23 Lote 26 Loja 01, Taguatinga Sul, Brasília - DF","(61) 3011-2426",,,
"Bali Automóveis - Matriz","SIA Sul Trecho 03 Lotes 725/895, Zona Industrial (Guará), Brasília - DF, 71200-030","(61) 3362-6200","(61) 99978-3132",https://www.instagram.com/baliautomoveis/,https://bali.com.br
"Bali Automóveis - Scia","SCIA, Cidade do Automóvel, Brasília - DF","(61) 3363-9099","(61) 99978-3132",https://www.instagram.com/baliautomoveis/,https://bali.com.br
"Bali Automóveis - Saan","SAAN Quadra 3 Conjunto C, Brasília - DF","(61) 3213-7800","(61) 99978-3132",https://www.instagram.com/baliautomoveis/,https://bali.com.br
"Batcar Veículos","SIA Trecho 1, Lote 10/20, Zona Industrial (Guará), Brasília - DF","(61) 4042-8000",,,
"Bm Multimarcas","SCIA Quadra 15 Conjunto 7 Loja 03 Lote 03, Zona Industrial (Guará), Brasília - DF","(61) 98422-6421",,,https://bmmulltimarcasdf.com.br/busca
"Bm Veículos",,"(61) 4101-1176",,https://www.instagram.com/bmveiculosdf/,https://bmveiculosdf.com.br
"Bola Veículos",,"(61) 3548-2371","(61) 99518-4848",https://www.instagram.com/p/CoM4s0GLNHj/?utm_source=ig_embed&utm_campaign=loading,https://bolaveiculos.com.br
"Brasília Automóveis",,"(61) 99884-1211",,https://instagram.com/brasiliaautomoveis?utm_medium=copy_link,https://brasiliaautomoveis.com.br
"Brazilian Car",,"(61) 3363-8485",,https://www.instagram.com/braziliancar_,https://braziliancar.com.br
"Cak Veículos",,"(61) 3487-1008","(61) 99135-7947",https://www.instagram.com/cakveiculos,https://cakveiculos.com.br
"Capital Motors",,"(61) 3346-8678",,,
"Car Boss",,"(61) 3702-6565","(61) 99805-2378",https://www.instagram.com/carbossmultimarcas/,https://carbossmultimarcas.com.br
"Casa Do Automóvel",,"(61) 4141-2841","(61) 98139-1492",https://www.instagram.com/casa_do_automovel/,https://www.casadoautomovel.com.br/
"Condor Veículos",,"(61) 3363-8360",,https://www.instagram.com/condorveiculos/,https://condorveiculos.com.br
"D2 Multimarcas",,"(61) 99855-8857","(61) 98348-4043",,
"Das Auto Multimarcas",,"(61) 3297-3367","(61) 98473-6014",https://www.instagram.com/dasautobsb/,https://dasautodf.com.br
"Dedicar Veículos",,"(61) 2411-3980",,https://www.instagram.com/dedicarveiculosdf?igshid=YmM0MjE2YWMzOA%3D%3D,https://dedicarveiculosdf.com.br
"Df Multimarcas",,"(61) 3575-3333","(61) 99337-7961",https://www.instagram.com/dfmultimarcasbsb/,https://dfmultimarcas.com.br
"Enzo Motors",,"(61) 3363-8902",,https://www.instagram.com/enzomotors__/,https://enzomotors.com.br
"Eurocar Veículos",,"(61) 3976-2030","(61) 99869-3326",https://www.instagram.com/eurocarveiculosbsb?igsh=MXA1OG1mMW8ybDJybg==,https://eurocarveiculosbsb.com.br/
"F-Auto Veículos - Matriz",,"(61) 99587-4747",,,https://f1veiculosx.com.br/
"F-Auto Veículos",,"(61) 99587-4747",,,https://f1veiculosx.com.br/
"Falcon Veículos",,"(61) 3972-4999",,https://www.instagram.com/falconveiculosdf/?igsh=aHlvdnZtM3h4NWln#,http://www.falconveiculosdf.com.br/
"Federal Car",,"(61) 3363-9000",,,https://federalcar.com.br/
"Ferreira Veículos",,"(61) 3363-8300","(61) 99173-8619",https://www.instagram.com/ferreiraveiculosdf,https://www.ferreiraveiculosdf.com.br
"Fogaça Veículos",,"(61) 4101-6365","(61) 99163-3510",https://www.instagram.com/fogacaveiculosdf/?igsh=MWFqNXIzbzFpeTcycA%3D%3D#,https://fogacaveiculosdf.com.br/
"Fvg Multimarcas",,"(61) 98604-7086","(61) 98160-7100",https://www.instagram.com/fvgmultimarcas?igsh=dmlpMjFkc2drdG9w,https://www.fvgmultimarcas.com.br
"G3 Premium",,"(61) 3408-1033",,,
"Globo Multimarcas",,"(61) 3363-9242","(61) 99605-4535",https://www.instagram.com/globomultimarcas,https://globomultimarcas.com.br
"Gt Multimarcas",,"(61) 3042-0521","(61) 98255-1159",https://www.instagram.com/gtmul_timarcas/?igsh=cDVqaGs3dzNmZDV1&utm_source=qr,https://gtmultimarcasdf.com.br
"Hot Car Multimarcas",,"(61) 3375-5568","(61) 98652-0053",https://www.instagram.com/hotcarv/?igshid=YTQwZjQ0NmI0OA%3D%3D&utm_source=qr,https://hotcardf.com.br
"Hr Multimarcas",,"(61) 3532-3597","(61) 99542-0550",https://instagram.com/hrmultimarcas61?igshid=MzRlODBiNWFlZA==,https://hrmultimarcasdf.com.br
"Inova Veículos",,"(61) 3363-2605","(61) 99654-0544",https://www.instagram.com/inovaveiculosdf/,https://inovaveiculosdf.com.br/
"Jales Motors",,"(61) 98286-5786","(61) 98118-1714",,
"Jesicar Autos",,"(61) 3363-8459","(61) 98254-4540",https://www.instagram.com/jesicar.autos/,https://www.jesicar.com.br/home
"Jr Multimarcas",,"(61) 3346-4151","(61) 99159-9268",https://www.instagram.com/jrmultimarcasdf/,http://jrmultimarcasdf.com.br/
"Jl Veículos",,"(61) 98110-0196",,,
"Kc Veículos",,"(61) 99864-3223",,https://www.instagram.com/kcveiculosbrasilia/,https://kcveiculos.com.br/
"Kr Multimarcas",,"(61) 3297-7797",,https://www.instagram.com/kr.multimarca/,https://krmultimarcas.com.br
"Link Car",,"(61) 3041-5818","(61) 98349-6918",https://www.instagram.com/linkcarautomoveis,https://linkcarautomoveis.com.br
"Lobão Motors",,"(61) 3399-4838","(61) 99958-4721",https://www.instagram.com/lobaomotors/?igshid=YmMyMTA2M2Y%3D,https://lobaomotorsdf.com.br/
"Lotus Multimarcas",,"(61) 3624-2424","(61) 99990-2016",https://www.instagram.com/lotusmultimarcas/,https://lotusmultimarcasbsb.com.br/
"Maitê Veículos",,998652-2436,,https://www.instagram.com/maiteveiculos/?igsh=Nng2dGQ3NjZndWVw,https://maiteveiculos.com.br/
"Mr Automóveis",,"(61) 4101-5060",,https://www.instagram.com/mrautomoveis_/?locale=es_US&hl=en,https://mrautomoveisbsb.com.br/
"Nacional Veículos",,"(61) 3046-7070",,,https://www.nacionalveiculosdf.com.br/
"New Car",,"(61) 99103-7558",,https://www.instagram.com/newcar_df,https://newcardf.com.br/
"Nossa Multimarcas",,"(61) 3222-6600","(61) 99911-6600",https://www.instagram.com/nossamultimarcas/,https://www.nossamultimarcas.com.br
"Nmb Automóveis",,"(61) 3392-1120",,,https://www.nmbautomoveis.com.br
"Ocidental Veículos",,"(61) 3974-6446","(61) 99624-3203",https://www.instagram.com/ocidentalveiculos,https://ocidentalveiculos.com.br/
"Orest´s Veículos",,"(61) 3487-2001","(61) 98444-4527",https://www.instagram.com/orestsveiculos/,https://orestsveiculos.com.br/
"Pátria Veículos",,"(61) 3335-6320","(61) 99987-8900",,https://www.patriaveiculos.com.br/
"Piloto Automóveis",,"(61) 3363-9090","(61) 99164-5348",https://www.instagram.com/pilotomultimarcasdf?igsh=MXBvZzd3MWk0a2cxcA%3D%3D&utm_source=qr,https://www.pilotomultimarcas.com.br/estoque
"Placar Multimarcas",,"(61) 3363-2606","(61) 99869-9488",https://www.instagram.com/placar_multimarcas/,https://placarmultimarcas.com.br/
"Planauto Seminovos",,"(61) 3045-7070","(61) 99917-4755",https://www.instagram.com/planautoseminovos_df,https://planautoseminovos.com.br/
"Power Full Veículos",,"(61) 3573-0087",,https://www.instagram.com/powerfull_veiculos,https://powerfullveiculos.com.br/
"Prime Veículos",,"(61) 3573-0097","(61) 99956-8616",https://www.instagram.com/primeveiculos.df,https://primeveiculosdf.com.br/
"Primeira Mão",,"(61) 3020-0637","(61) 99408-4217",https://www.instagram.com/primeiramaobysaga,https://www.primeiramaosaga.com.br/
Qualicarro.com,,"(61) 99937-1020",,,
"Quality Seminovos",,"(61) 99329-9827",,,https://qualityseminovos.com.br/seminovos
"R15 Multimarcas",,"(61) 3346-0379",,https://www.instagram.com/r15multimarcas,https://r15multimarcas.com.br/
"Radah Veículos",,"(61) 3060-1490","(61) 99668-2025",https://www.instagram.com/radahveiculos,https://radahveiculos.com.br
"Rcar Seminovos",,"(61) 3484-2014","(61) 99959-9334",https://www.instagram.com/lotusgama/?hl=pt-br,https://rcarseminovos.com.br
"Rds Multimarcas",,"(61) 3974-5451","(61) 99858-2027",https://instagram.com/rds.multimarcas_?igshid=YmMyMTA2M2Y=,https://rdsmultimarcas.com.br/
"Recanto Automóveis",,"(61) 3578-5444","(61) 98138-6275",https://www.instagram.com/recanto_automoveis?igsh=aGtkMnhnMjlsbzVp,https://www.recantoautomoveis.com.br/
"Revel Multimarcas",,"(61) 3346-5545","(61) 99825-6890",https://www.instagram.com/revel.multimarcasdf/#,https://revelmultimarcasdf.com.br/
"Ricardo Veículos",,"(61) 3024-0228","(61) 98232-0028",https://www.instagram.com/ricardoveiculosbsb/,https://ricardoveiculosbsb.com.br
"Roma Motors",,"(61) 3363-8833","(61) 98124-2443",https://www.instagram.com/romamotorsdf/,https://romamotorsdf.com.br
"Rtcar Automóveis",,"(61) 3351-7000","(61) 99352-8888",,https://www.rtcarautomoveis.com.br/estoque
"Irw Motors",,"(61) 3142-1938","(61) 99205-2120",https://www.instagram.com/irwmotors,https://irwmotors.com.br
"Salão Do Automóvel",,"(61) 3036-4040",,https://www.instagram.com/salaodoautomoveldf/,https://salaodoauto.com.br/
"São Mateus Veículos",,"(61) 3363-3318","(61) 99659-1277",,https://saomateusveiculos.com.br
"Sarvel Veículos",,"(61) 3042-6090","(61) 98353-8949",,https://sarvelveiculos.com.br
"Skina Veículos",,"(61) 3363-8220","(61) 99994-4273",,
"Sobrauto Automóveis",,"(61) 3591-5008","(61) 99863-5008",https://www.instagram.com/sobrauto/,https://sobrautoautomoveis.com.br
"Speed Motors",,"(61) 3561-0205","(61) 99808-7882",,https://speedmotorsdf.com.br
"Suprema Veículos",,"(61) 3363-8060","(61) 99146-5766",,
"T Motors",,"(61) 99861-6161",,https://www.instagram.com/tmotorsbr/?igshid=YzVkODRmOTdmMw%3D%3D,https://tmotorsbr.com.br
"Tanaka Veículos",,"(61) 3971 9036","(61) 98165-6201",,
"Top+ Veículos",,"(61) 98236-3519",,,https://topmaismultimarcas.com.br
"Top 10 Automóveis",,"(61) 3345-2151","(61) 99226-8943",https://www.instagram.com/top10automoveis,https://top10auto.com.br/
"Unique Motors Bsb",,"(61) 3029-7919",,https://www.instagram.com/uniquemotorsbsb/,https://uniquemotorsbsb.com.br/
"V12 Motors Cidade Do Automóvel","SCIA Quadra 15 Conjunto 9 Lote 12, Cidade do Automóvel (Guará), Brasília - DF","(61) 3363-9999","(61) 99596-4153",https://www.instagram.com/v12motors508norte/,https://www.v12seminovos.com.br/
"V12 Motors Sia",,"(61) 2108-0777","(61) 99810-6606",https://www.instagram.com/v12motors508norte/,https://www.v12seminovos.com.br/
"V12 Motors 508 Norte","SEPN Quadra 508 Bloco E, Lote 09, Asa Norte, Brasília - DF","(61) 3012-9999","(61) 99219-7343",https://www.instagram.com/v12motors508norte/,https://www.v12seminovos.com.br/
"Valentina Veículos",,"(61) 3525-6799","(61) 99942-0111",https://www.instagram.com/valentinaveiculosbsb/,https://valentinaveiculos.com.br/
"Vavá Veículos",,"(61) 3345-4697",,,https://vavaveiculos.com.br
"Vertical Veículos",,"(61) 3346-1039","(61) 99834-4843",,https://verticalveiculos.com.br
"Via Motors",,"(61) 3346-6688","(61) 99978-3789",https://www.instagram.com/viamotorsdf/,https://viamotorsdf.com.br/
"Vicar Automóveis",,"(61) 3487-1009","(61) 98504-3104",https://www.instagram.com/vicarautomoveisdf,https://vicarautomoveis.com.br
"Vip Automóveis",,"(61) 3387-0199",,https://www.instagram.com/vipautomoveisdf/,https://linknabio.de/vipautomoveis
"Vip Car Veículos",,"(61) 3345-7302","(61) 98531-8468",https://www.instagram.com/vipcarbsb/?igsh=MzRlODBiNWFlZA%3D%3D,https://vipcarbsb.com.br
"Vitrine Veículos",,"(61) 3379-6065","(61) 99175-0427",https://instagram.com/vv_vitrineveiculos?igshid=YmMyMTA2M2Y=,https://vitrineveiculosdf.com.br/
"W3 Veículos",,"(61) 3363-8099","(61) 98140-1057",https://www.instagram.com/w3veiculos/,https://w3veiculos.com.br/estoque
Welt,"SCN Quadra 05 Bloco A, Piso G2, Brasília Shopping, Asa Norte, Brasília - DF","(61) 3771-7625","(61) 98183-0047",,https://weltpremium.com.br
"Win Multimarcas",,"(61) 98422-1251","(61) 99104-9638",https://www.instagram.com/win.multimarcas,https://winmultimarcas.com.br
"Ws Multimarcas",,"(61) 99639-1006",,,
"Yas Motors",,"(61) 3363-8899",,https://www.instagram.com/yasmotorsbr/,https://yasmotors.com.br/
"Z4 Motors",,"(61) 99827-1362",,https://www.instagram.com/,https://z4motorsdf.com.br/
"Zafra Motors",,"(61) 3970-5192","(61) 99604-2678",https://www.instagram.com/zafra.motors,https://zaframotors.com.br/
"Casa do Automóvel",,"(61) 4141-1836 / (61) 4141-2841","(61) 98139-1492",,https://casadoautomovel.com.br/seminovos-cidade-do-automovel-brasilia-df
"Primeira Veículos",,"(61) 3346-0620","(61) 98170-0661",,https://primeiraveiculos.com.br/page/3/
"Roma Motors",,"(61) 3363-8833","(61) 98124-2443",,https://romamotorsdf.com.br/empresa
"RCar Seminovos",,"(61) 3484-2014","(61) 99959-9334",,https://rcarseminovos.com.br/contato/
"Skiná Veículos",,"(61) 3363-8219 / (61) 3363-8220","(61) 99994-4273",,https://www.skinaveiculos.com/contato
"Primeira Mão SAGA - Cidade do Automóvel SCIA",,"(61) 2017-3960","+55 (61) 3442-2821",,https://www.primeiramaosaga.com.br/encontrar-lojas
"Inova Veículos",,"(61) 3363-2605","(61) 98654-0544",,https://inovaveiculosdf.com.br/veiculos/financiamento
"Salão do Automóvel",,"(61) 3036-4040","(61) 3036-4040",https://www.instagram.com/salaodoautomoveldf/,https://salaodoauto.com.br/
"GH Veículos",,"(61) 3020-0941","(61) 3020-0941",,https://ghveiculosdf.com.br/contato
"Next Car",,"(61) 33632-8919","(61) 99963-1998",,https://www.mobiauto.com.br/comprar/estoque/next-car-46974
"Leal Multimarcas",,,"(61) 98219-5076 / (61) 98545-0000",,https://www.instagram.com/p/DVycAhGD30Y/
"Radah Veículos",,,,https://www.instagram.com/radahveiculos/,https://www.instagram.com/radahveiculos/
